z_class;Functional1
?;45.759524172172:8.2991078441567,40.2795499656349:6.10936829295355,0.348420441150665:9.88853428302914,6.53710222104564:7.39664242400961,22.9187267366797:0.8436287900447,41.5091056376696:6.58648307593027,12.1911923633888:5.12968784008876,38.0520308041014:5.22699011226623,36.6310871089809:4.65386973424519,11.0151997185312:5.59474750856454,13.9567362493835:4.43409154305402,40.765679301694:6.29479781990944,31.3354680431075:2.53274547647203,43.9120081136934:7.57541361905598,40.289613045752:6.12333675423461,25.9415694978088:0.381770143424852,44.7121784323826:7.88097212495165,27.8373956214637:1.13787483318633,18.375178205315:2.66172888323309,30.7773150852881:2.31436213949019
?;49.4996640365571:9.7886529671224,19.7301321546547:2.11651305734214,35.5711381998844:4.22869581634047,44.1463213297538:7.66054537136328,9.52120081055909:6.19572060864645,46.4780198177323:8.58325227716911,6.76564093446359:7.29991411055458,40.6897395849228:6.26818093644139,9.87903586355969:6.046486965732,41.3800457026809:6.54732097049927,42.7532024332322:7.10759033591902,2.73363336455077:8.91173058489841,18.2807084987871:2.69451951426324,36.4983289502561:4.60108834697778,35.265510820318:4.11415950423421,25.7991283549927:0.316367775813899,6.07523506041616:7.5683905876657,48.8806016976014:9.56012228790751,41.4286708459258:6.57013990938046,2.68614090746269:8.91475999161379
?;24.0326411556453:9.6065188573968,5.36000241991132:2.14490913116046,13.5589837562293:5.41412605712716,8.59942648094147:3.45645250909629,44.6774859214202:2.1350768248779,22.3912653396837:8.94929239476316,19.9920871877111:7.99304559279294,49.4378211442381:0.228492313147878,26.2775421957485:9.48407758314937,16.3570279371925:6.54814714627827,42.4453435582109:3.02099690279911,36.3158035906963:5.48680176021826,35.1039139786735:5.96604027832359,12.2320205904543:4.88894843420431,49.5203425758518:0.20311622139329,8.86955807218328:3.55918237225133,28.9149621268734:8.43583699302051,36.8943279259838:5.22486726977841,2.9024020768702:1.17129247842383,10.2884868858382:4.10781441886447
?;37.4569913023151:4.99939546594546,29.5820174738765:1.84587393021466,30.0743916886859:2.01494012856094,14.4870728370734:4.20169204337569,44.0447558881715:7.62573830421391,13.9940817607567:4.40637723960801,24.299015395809:0.268546052838189,47.9620839236304:9.1931157448604,48.5888068797067:9.4452522794806,18.7310926616192:2.50043289067603,38.2521152263507:5.29951427721749,48.5106279840693:9.40679726369348,26.6712953452952:0.68497145357733,20.0587177299894:1.97514340809941,14.5699485205114:4.171390143455,42.9966818308458:7.19946433605065,34.5523750525899:3.8208938783931,8.94179116003215:6.42368828062731,33.1176372244954:3.25873065713225,23.6088504898362:0.565165472084515
?;16.0886798519641:3.57967131882068,28.1229710788466:1.27007249889587,28.5878863185644:1.44596062720546,16.5657204343006:3.37278845759474,43.6200838768855:7.44796392972125,27.3068115813658:0.926610746171951,6.94490964524448:7.22722563037463,12.250716786366:5.10040243276383,2.44708890095353:9.02485203810004,7.35003172885627:7.06346683500915,27.9435650561936:1.1829851509721,48.9293384714983:9.57441123132667,42.6246982999146:7.05698857653232,35.5779981124215:4.21574289136405,4.42041842034087:8.21775707000868,22.7651738445275:0.893741965182489,31.6230208380148:2.63815738729045,46.9070430262946:8.74503081774214,38.2863770006225:5.31053011502833,10.5418073013425:5.77715247611564
?;32.9439449124038:3.17465771392348,36.2695370218717:4.52046232729131,3.07334624230862:8.76318178179039,49.9237229931168:9.96752528237827,8.78958810353652:6.4857337896785,16.967906546779:3.20207516444926,30.3668013541028:2.16545020068714,27.7316740481183:1.10923130694541,17.3754582530819:3.06813308996835,9.84722862485796:6.05375317503022,28.3168337889947:1.32247970319346,46.1110817152075:8.42486880423139,6.15135373082012:7.53127334593941,26.1802301974967:0.47152187481,22.9808729724027:0.817961098395391,46.1868162965402:8.47475729522991,10.0812171585858:5.9367007454458,22.3340493976139:1.05846215444024,21.4310834999196:1.4039249160898,30.3251493140124:2.13238845912757
?;17.1932281111367:3.14959503925107,13.6125833028927:4.55148690481266,20.421913114842:1.83292758963567,28.9948379504494:1.59633104105965,41.5784358629026:6.6217133950408,10.7519095065072:5.68662188303322,10.2682821103372:5.87090583459876,47.632457583677:9.05291837839692,11.9698759168386:5.20509952288872,42.8703942219727:7.15166780384392,10.4882346582599:5.79458071173512,16.8898833333515:3.23879051325014,30.7747677201405:2.31788354867404,3.84776811115444:8.45432000302197,20.5360468826257:1.8075997137922,10.1997871883214:5.90649838993945,43.3924405719154:7.35361491096146,48.8526845700108:9.52898398867519,38.4916691109538:5.39598022485473,44.837479526177:7.92870601148127
?;32.9915663576685:6.78057729675626,1.00843347609043:0.402069057798165,27.2628723876551:9.0904679136082,12.7220852882601:5.09080010818162,43.9406502642669:2.42677494571462,9.39153005601838:3.76855402020856,11.4377100253478:4.5523267842433,45.0758233550005:1.97763353806013,23.4648514189757:9.38859985362244,48.3574099955149:0.65074308714768,22.0430813031271:8.81602024781276,20.8614808041602:8.3448845008748,44.0973210264929:2.35323901575798,7.76595765491948:3.1060622397686,0.588015979155898:0.23938736369723,25.4224613658153:9.82783830198473,15.2890142053366:6.12002296374138,38.5865460033529:4.57061332883659,33.7617882527411:6.5003780708624,14.6237915963866:5.83818521028943
?;4.36881601344794:1.74961251578305,8.50732857361436:3.40154878758662,21.7248209984973:8.6918297449765,42.3463072627783:3.07865808208082,8.74226142186671:3.48707100976231,24.194399069529:9.68678266598424,9.3126519699581:3.74642504647045,28.2319457503036:8.68797836314973,25.8027750765905:9.68175139482037,8.02750963484868:3.21983383893272,14.3951775040478:5.77681673408455,2.92274703970179:1.16161129576036,25.7679322268814:9.70826666502864,27.338528400287:9.09216235444888,37.8078810404986:4.85353604608169,43.6438461416401:2.52678392928037,46.5528016211465:1.3717928963186,43.3928255690262:2.63761492115262,41.1004642373882:3.55766834384796,32.3721276363358:7.05777604392735
?;30.9510575374588:7.6067507839552,14.6500870003365:5.85011993228274,0.21334458142519:0.0933869188178085,17.9233612027019:7.16531360892283,22.5896959891543:9.03356972753107,20.663867238909:8.24318464282872,18.2131537934765:7.28922977755778,45.222022139933:1.89449311848692,48.2995932805352:0.679496248425818,45.4070713603869:1.83433656714517,31.0183441732079:7.59521465469487,32.0925203035586:7.17209500565696,13.1950347917154:5.26716519088106,42.9844773956574:2.78471572397496,46.1188284913078:1.5517303059865,4.86146411858499:1.92805039083528,42.4279945204034:3.02403978434561,49.431059777271:0.233453262904538,22.6684159948491:9.08039327199378,22.4754588794895:8.98919820085763
?;35.9403565758839:4.37271101418719,44.1987838363275:7.67930011292809,22.762608109042:0.872910587972836,2.37154042115435:9.05260964607168,25.3342524287291:0.141184429613975,47.8970994357951:9.1692514544152,44.3329953937791:7.72481611718721,38.9108997187577:5.5718773648755,1.95102286525071:9.23409248202177,26.185155834537:0.462016498651384,15.0947838556021:3.96409952358488,43.7099792528898:7.48000132994392,32.9441865673289:3.19287106387831,22.4528051097877:1.02381174734314,29.2488956241868:1.71730348894689,6.23787892982364:7.4911805189692,25.7608381099999:0.277692070879912,3.03723881952465:8.77768853492645,31.2658908776939:2.51869348264749,46.7358725494705:8.70106457848857
?;12.272582447622:4.89163039562125,16.2339675473049:6.49044791918074,8.15341246780008:3.26518343102866,42.3224209691398:3.0826406325558,19.8550238041207:7.94470617956729,13.0400203750469:5.22743979437585,2.58575741900131:1.02528391803215,32.9135285806842:6.84126685937928,26.6620288253762:9.33310259767411,28.8470330066048:8.45960616064196,29.0499762748368:8.3904907464335,49.9032621155493:0.0361568171902974,30.3703995654359:7.84576934324541,5.23830436868593:2.09131413327841,29.093511251267:8.35110104008635,3.87101897504181:1.54428352435312,17.4634418450296:6.98886569375127,25.3964919829741:9.85835581629628,25.865460827481:9.65380176704618,35.5192251969129:5.78478731688021
?;37.1182988164946:4.82821164226322,7.7981730690226:6.90826200257644,25.7936452631839:0.312276377905438,29.7153225517832:1.88473776340424,7.03115180367604:7.18890488933438,41.4529467117973:6.58744510683097,46.3226548978128:8.54478979423294,6.678949855268:7.33848018319128,11.5839803707786:5.37975533054321,31.1634417041205:2.46170943867059,32.8065504319966:3.12023307905719,1.81120726047084:9.26986987235158,28.770095622167:1.5305426326088,25.1981059438549:-0.0791090176384807,26.9166410551406:0.766676555011736,32.4818000895903:2.98622983112615,41.0378157510422:6.41101376354846,4.03355242451653:8.387163992257,23.1489053345285:0.744694968080918,8.5799224441871:6.57228486470842
?;27.1868287585676:9.12082847959821,42.8182296804152:2.88558123576894,45.5858823959716:1.76211240726835,45.1198573689908:1.95238854392694,4.43365192040801:1.77478134492673,43.2994216913357:2.68634745666658,9.75637197261676:3.91903792938067,7.80779765918851:3.12547717801295,17.0408645179123:6.8220566309685,25.6739789270796:9.7392364435717,15.4884246992879:6.19805955540281,40.9578039776534:3.59909693242441,7.41936471313238:2.96973872050476,21.1101929657161:8.44798817264542,31.5607547294348:7.37481781893155,5.04315276630223:2.00729452230195,30.6850202730857:7.73293248588762,11.6419625235721:4.64906217145495,31.6126422141679:7.37193848167799,17.1035701292567:6.83077004978135
?;26.5241478919052:9.39940289260521,12.3557533253916:4.93971792356028,47.4765529972501:1.01764632373992,11.426882725209:4.56197332211734,34.5745503320359:6.16935932160003,18.2459367904812:7.27832632895366,30.2504128077999:7.88213127565518,40.857764298562:3.64839969575162,49.5893329498358:0.168438777462362,17.7116704988293:7.07830466879911,20.1092581264675:8.05407658999974,12.1855741017498:4.8722979773296,22.6844339631498:9.07058753031562,6.85297910822555:2.75559978425657,38.1117870449089:4.75388648824947,45.3286750474945:1.85829649649947,26.9240690628067:9.21945664951213,26.5157604240812:9.41247905003108,41.0301740746945:3.58391069155218,41.8679727474228:3.2618575623614
?;42.807515268214:7.13164872615339,37.6244826358743:5.05705017691627,27.5483947014436:1.02971965595176,22.9097571107559:0.841191133236965,20.9639600012451:1.61981861970669,0.506639818195254:9.79345073668136,27.1394224721007:0.85053418903698,44.7778800618835:7.89978558537621,9.63938332861289:6.14120808994536,13.0637032911181:4.79438925044356,17.0540050952695:3.17218455487077,19.7271160548553:2.12155250002716,7.70567430881783:6.93267443344437,29.6281345654279:1.84241627518325,34.7643200191669:3.92018775961017,3.70367744471878:8.51443043292921,44.3607072345912:7.74656749331882,39.2676133196801:5.71068307970405,20.9887688746676:1.59598888086456,21.2951910332777:1.50373977259159
?;34.1642194194719:6.32747711120445,6.66354311397299:2.66494534326657,10.7814006158151:4.32079520181391,48.2077704044059:0.710916652793689,22.0108882989734:8.80092963758433,17.459541617427:6.96420922388505,32.4926440836862:7.01347256994609,14.4356981269084:5.78523366585083,28.2171136350371:8.71645651984968,9.58481688285246:3.83880147544813,16.2962473346852:6.5111187382455,41.8141967151314:3.28505524656883,28.257177467458:8.70700266602478,25.5240529542789:9.79234942273106,39.5261312020011:4.17021877852849,5.37051595747471:2.15362929881173,6.73129981150851:2.70409527496019,45.7567532430403:1.69940925313664,23.57544277329:9.43424378800038,3.17340177716687:1.27003599312148
?;21.5464504319243:8.61918088477056,45.9077425766736:1.64935386979706,27.2066834149882:9.123236831841,15.4044174123555:6.16898508839312,4.30844001239166:1.72691288056247,4.0988190099597:1.63413227457623,34.8839395912364:6.05225253887622,31.0398681205697:7.57557721056568,3.1931096338667:1.2677691404076,20.2010108623654:8.08331195562321,16.6075779357925:6.64021036588458,2.46574328048155:0.970174746921946,15.6513856258243:6.26757588635117,37.6707987627015:4.93405671588804,33.3967753918841:6.63954459455189,18.7726722098887:7.5155979708597,30.0533445202745:7.98073804872908,30.9564910596237:7.60287759909147,20.5091866431758:8.188599048277,20.093218004331:8.02434785885607
?;47.7414774009958:9.11896528483467,5.55130750872195:7.78749050636653,21.3530494016595:1.44168817085644,45.8260114537552:8.32342550867124,14.7749147959985:4.08228595365288,49.3751240544952:9.76874269119708,7.41769574815407:7.02544223271649,7.58142088307068:6.98253813192228,29.1926880832762:1.68503648983991,6.53410708764568:7.37979147934093,17.9042565170676:2.82811042557282,49.9290715786628:9.97133595395608,15.2947079157457:3.88829157042358,23.6315477872267:0.53210379600352,32.6783877098933:3.05951932243155,34.7808631253429:3.90567485405135,9.03282224899158:6.37048150034579,19.946292845998:2.03055648247157,26.7954789334908:0.724990611153209,1.78132059518248:9.29777854222255
?;25.5907291080803:0.229686293602856,23.8345337100327:0.461878744357267,47.9835774516687:9.18600165152666,18.7314109294675:2.5077212808154,45.392355741933:8.15837760760033,2.70835806149989:8.91260343340122,40.6902365270071:6.27992398799802,22.6997856516391:0.920250949038793,24.1548511432484:0.332348640393961,34.2724656336941:3.71886363294682,48.8101427676156:9.52465570898563,16.9516523950733:3.22351983842293,5.89445020304993:7.63923644562351,39.8761115036905:5.95379034497058,11.3752462435514:5.43496282961037,5.00160038936883:7.99384931993139,34.9703565589152:3.97924742224877,7.81737628858536:6.86225719780331,40.0706075830385:6.03409599694055,32.8945819055662:3.1593174094017
?;46.02772310609:8.41587157515177,3.48909840686247:8.59810265959182,45.3211295185611:8.12189968866863,23.7978101009503:0.487818967519712,20.8308260655031:1.6613798005611,0.815125950612128:9.66163172497061,3.9626564248465:8.41459468933048,4.98174699023366:7.99617228609275,19.1861939732917:2.34332466989437,43.4401274309494:7.37242844448553,48.7227816251107:9.48041113867513,39.9061916046776:5.95752276899868,2.67159539507702:8.93280950944568,28.3225229824893:1.32237271817488,5.43143884278834:7.83631635158868,47.2374704782851:8.91025292094995,35.7084875227883:4.28359466607977,28.25140315108:1.27784151851392,20.5600870889612:1.7860522074903,6.47930494742468:7.41413788580804
?;10.0144896190614:5.9947317344169,19.9925589840859:1.99569039842895,7.74811748415232:6.88498035664709,20.2419845503755:1.89384256425194,39.9555336218327:5.99170103510811,8.37970208376646:6.65942273707266,19.1336848773062:2.35366619538049,45.4765601898544:8.19775425008101,2.0618759910576:9.18101523496807,36.4066201262176:4.55277969923197,43.3084203279577:7.31827508737902,18.135197693482:2.75828450048083,46.2202932336368:8.49419472034493,11.5837897523306:5.35701999477712,4.13609519600868:8.3435898179063,24.6404737932608:0.135508622627723,18.1419154047035:2.742158205858,5.49387194914743:7.79912161477583,39.5506213419139:5.80141535331276,26.127397629898:0.453396994581648
?;15.7617376418784:3.69156932200721,35.0700156646781:4.02556077003681,10.1141934515908:5.95683662606315,33.2382396212779:3.30767463370961,37.4509956105612:4.98987872321718,21.5494402451441:1.3838503949696,6.53568765847012:7.38310683689887,43.637052399572:7.4605110184172,48.0977079714648:9.24162366385402,2.24430361995474:9.11075856795059,14.1402321518399:4.33506038135444,44.5435707224533:7.82546361203569,0.197795312851667:9.90838884518179,40.6021935166791:6.25158530287992,21.7909701750614:1.28318596532639,45.1684945262969:8.06777922618922,0.0966602470725775:9.95671329849003,26.3274392229505:0.514126729625244,23.7713824957609:0.492089679909316,33.8344543823041:3.5365364193015
?;24.9327930388972:0.0202108353723961,27.6220192317851:1.06568263025457,6.66791344992816:7.33355051647773,27.9629727592692:1.19399790051998,19.617309293244:2.14956931838325,41.9004354975186:6.74921354616333,13.977062352933:4.39531460543499,12.6182083506137:4.95536815378983,37.5167597434483:4.99410406863627,18.0608384660445:2.77441186682423,16.1538031301461:3.54035166742052,42.2266153851524:6.892119065867,1.14081156207249:9.52687346297862,5.09776724502444:7.96207826408299,28.202816133853:1.28606120398435,6.47092469735071:7.40782841172325,38.2285700645298:5.29503603601082,49.8802023590542:9.9509865208469,29.6638498548418:1.86174777419164,2.56132533540949:8.97362366213926
?;34.4568499480374:3.77917395482697,11.4962476189248:5.41452296331876,32.7387887984514:3.09924679609166,10.7231530710123:5.72346722745186,42.9993293597363:7.1915400725694,23.5089294728823:0.580528965121738,31.0905676335096:2.43798533728552,38.9697461738251:5.60480990431126,27.0189825212583:0.807600220885048,7.51130438875407:7.00076727057445,45.4860734986141:8.19864320675054,11.6433953051455:5.3405663599309,31.595025176648:2.64508695588107,11.4023182308301:5.45399848423162,37.8170286421664:5.14254318954863,46.9578963704407:8.8142879311154,30.4140883614309:2.15028692514243,1.54107502894476:9.38465367040116,21.0042944760062:1.59891034778342,4.87917449790984:8.04980474361052
?;3.10193247860298:8.75633571178947,14.540496643167:4.18006316320274,47.0077037578449:8.80680250874825,16.2391049321741:3.51596780400631,30.589935532771:2.24306521506183,25.3274749033153:0.124742716992672,40.361333405599:6.14762655324385,31.0160927474499:2.40357013705566,41.7632176075131:6.7068007177947,46.6212498955429:8.65233314063374,21.4920269092545:1.39927787949393,34.1171650215983:3.63627742145466,49.192067887634:9.66275073491078,32.3784864507616:2.92351853654741,20.9313845145516:1.60559343569269,21.4943807106465:1.39052826167572,20.3544024145231:1.87769909596451,15.597376297228:3.77206835161909,42.0304017723538:6.8068383350258,0.17135227099061:9.92460664256095
?;2.59409616701305:1.05523806533044,9.11171101033688:3.6462904896877,21.1087680771016:8.42066099215732,13.6831656913273:5.47095118049336,45.058058493305:1.97336489568263,32.5899775256403:6.95869224223838,4.06247909413651:1.614984791939,40.7818437321112:3.68732794430907,26.8311564694159:9.26175541953328,24.4515361613594:9.76519644246632,30.8330902829766:7.67761321983076,11.7158829700202:4.67837156113915,14.5809139008634:5.84009746283006,32.430064980872:7.03301884384546,9.19029588112608:3.66913195273573,44.2584256874397:2.29077125058324,14.1625479445793:5.68370994310376,40.0449192151427:3.96598494561092,49.0502956439741:0.364411408071007,31.2110563623719:7.50337687225369
?;36.6624782094732:5.34288110508128,6.53451326070353:2.6163770563345,5.74549149023369:2.29586961104946,2.35855245264247:0.946688478603479,20.4497095313855:8.17628877536499,40.9046732704155:3.65059987219196,1.47132207639515:0.609852238263101,48.3249382697977:0.659702816485942,6.00780065869913:2.39667276511342,2.25383773213252:0.912558981678526,34.1077812830918:6.32020185600214,7.90152212139219:3.14131649698835,13.2009334512986:5.2788576550888,3.64201815100387:1.45138193580265,18.406209605746:7.36422099852195,24.6467303251848:9.8682453786788,30.3124925470911:7.86848670550213,1.8295505666174:0.738681504180852,0.138065067585558:0.0479419440890015,18.8495184644125:7.53653947414468
?;7.10202734917402:7.17607564578296,7.59419484529644:6.9730245058418,13.4392290376127:4.62405254116648,36.4785852376372:4.58184077245918,11.0243065981194:5.59021898015858,12.2905603377149:5.09051365879694,40.1070835534483:6.0380654906108,46.0995681001805:8.42661162021268,18.7337437761016:2.49594709398201,14.9441894842312:4.00959549336876,5.07233534008265:7.96702516495009,13.6808929266408:4.5409850055023,10.6465914752334:5.71674099378049,24.1819486138411:0.324941867376597,37.5045470194891:5.00480472814053,44.5163665339351:7.80185171215376,16.1065493128262:3.56547439357826,32.1113683632575:2.82290264978534,10.4345172527246:5.82690378322665,39.3708878778853:5.73258082874232
?;37.9644989967346:4.81382177884587,27.7928250608966:8.87754760679101,24.3809376261197:9.76054897179291,9.23562017269433:3.70074598753297,16.2804348743521:6.511190842175,33.5133617511019:6.59184957999886,8.76883537275717:3.50177518541353,6.06442221906036:2.43672012511903,41.2438840605319:3.50659076378113,21.7459764331579:8.70464278066216,23.6102993483655:9.43139837424919,22.7360503631644:9.09626357051095,7.66874793916941:3.08288372586487,40.0322478613816:3.99934099528182,25.0180529430509:9.97643765591915,26.0945603484288:9.55843797019419,49.6943059959449:0.118329452192412,1.97401808109134:0.786172107238302,35.7650818652473:5.7038479953691,24.2639399599284:9.70541677121746
?;11.2323582870886:4.47926853206826,43.5292684356682:2.59291949757496,4.08049637917429:1.63909937880592,33.4930352168158:6.60633239750742,49.673116276972:0.139148749495813,23.6954667954706:9.48176381813297,24.0569713176228:9.62394839030325,41.8975931010209:3.25958723111695,24.6646251995116:9.88050619873712,27.1009182208218:9.15454386733715,13.2765321759507:5.3092252708544,1.93952163681388:0.780635961475693,41.7628242983483:3.2971710609872,11.2873855512589:4.53981885485692,35.8354713418521:5.6524194294805,46.673688699957:1.33829755959467,33.6011260515079:6.56048852174985,18.6245255870745:7.46344649690653,31.5860942122526:7.36138485546087,11.2975888187066:4.52415457379701
?;22.5491235265508:0.991018471871757,23.92034024233:0.435159251391935,34.9724412546493:3.98023322640837,29.3719198089093:1.75103163327391,33.5845798021182:3.43311964688585,24.8040048056282:0.0634337790172569,23.5820215311833:0.540422575772536,28.9473747718148:1.58149639750242,19.4029067410156:2.2375255236249,18.3369897422381:2.66566366767131,39.0293129952624:5.61531660170078,33.0942117841914:3.2575041802753,23.1693819630891:0.739360301946735,26.465159712825:0.572805849799605,11.7917094612494:5.2816661070647,26.0362973203883:0.425716153912564,35.0944854901172:4.03879995113358,21.7970882891677:1.28158812764704,13.2657218142413:4.69224377705643,36.5587756736204:4.61803547507835
?;6.81548215216026:2.73693259797343,3.34826165344566:1.33578558528743,43.5975850443356:2.57138845132495,31.6462646704167:7.34005077867819,0.793328671716154:0.321376822390442,17.6917297183536:7.09255403536059,9.09368139691651:3.63467698899084,14.3607436446473:5.76477556877255,1.77980675362051:0.707463308556078,16.2347924662754:6.4847061704915,47.887192980852:0.873319464892527,31.3762797741219:7.46133761950385,48.3189937309362:0.677904279719037,9.61168630747125:3.84568269734944,5.23825365817174:2.11072701646897,28.4751681960188:8.61942444465605,45.7530241925269:1.68485197039224,21.0097376257181:8.41733560782578,21.5857239556499:8.62395885375557,25.3506510751322:9.85989290522659
?;27.2724619600922:0.903322324320372,41.7057598824613:6.67575380910809,39.445940067526:5.77537763196506,27.4690701742657:0.988983002920773,46.9935887376778:8.77914600568484,18.2183837052435:2.7161794891969,30.6853494024836:2.27569129981439,31.0828300076537:2.44796512676398,31.2209416762926:2.48480859870761,47.9011427378282:9.15603686131645,4.29790526395664:8.28423269294314,34.9236098933034:3.95214575753188,30.3568903706037:2.14106671731184,44.0402449457906:7.62021564209838,28.5504350904375:1.40642583001703,16.3287808769383:3.48846953254406,45.2760561951436:8.11675738073686,38.7552478350699:5.50370204013409,18.4228804893792:2.62947952390223,18.5800947016105:2.56627094715387
?;5.37915602326393:7.83112187846922,43.8742353580892:7.55918790732662,20.7566519849934:1.68608543892469,3.14638968557119:8.73057724208056,39.1378646949306:5.66526042420317,41.7263417737558:6.68805006035779,42.261282808613:6.91110547641959,15.2832110063173:3.88878456861308,38.2932320702821:5.32201245914074,18.1191978510469:2.75617749351458,8.19883439689875:6.72538386093964,30.5760048679076:2.23381265830583,13.4998351102695:4.60653825069164,24.3498586816713:0.260934407953231,17.3951621167362:3.04315239088701,5.22734604310244:7.9143971763062,48.0725594097748:9.22803166964326,38.8472931343131:5.53812917948965,0.968062237370759:9.61103441167641,18.0938725476153:2.77862437880399
?;2.22316071158275:9.10883703735985,38.8425471261144:5.55508421661383,22.5908045540564:0.964291824260198,40.865965501871:6.34442550304262,38.5183543083258:5.40118534075987,42.8537753061391:7.1472104539841,8.11053243232891:6.740529546344,7.51068965764716:7.01286917182242,13.0269447690807:4.79285941820937,40.0841275113635:6.03600197258095,43.6105130240321:7.44470026995877,40.8747452893294:6.35743861514959,48.6427755444311:9.47116518281894,34.3547271797433:3.75004775258473,7.19804138643667:7.13542946367049,15.6355225946754:3.72555748147744,3.79339166684076:8.48125611807076,0.72418370982632:9.71099936182334,34.6018337761052:3.84334848664725,32.1069732541218:2.83345962102253
?;36.7072335444391:4.67568429716681,17.2747697681189:3.10219642294299,32.0915807853453:2.84106827642255,12.0419632992707:5.18403572444743,43.6718233744614:7.47356767709771,38.8127341866493:5.51932362564634,37.507482431829:5.01831461906651,39.9816200486384:6.00213197573173,7.72958908928558:6.89743886498489,28.9326726924628:1.56601389029764,1.89616517163813:9.24635852215347,30.229311180301:2.08037308635304,0.788306200411171:9.69706593788018,41.1600826191716:6.47311321201137,17.2150330035947:3.10869238754537,35.3147488087416:4.14042029651018,35.8983119716868:4.35545350144129,25.3880574484356:0.158592294885345,40.8325901837088:6.3483654469016,29.7249198774807:1.88409349106303
?;26.6757191391662:0.661052540229146,26.9964523729868:0.781742823208747,43.7225767411292:7.4823467911919,1.73624025192112:9.31306419391229,1.18604189483449:9.52719826880851,27.2272153408267:0.882978930324282,33.0671624396928:3.23075959469069,37.0652451878414:4.84099622819838,1.57697590766475:9.35020930113552,0.28329991037026:9.89028445289158,7.52207722980529:6.98727650264535,13.7673720018938:4.50444642782846,40.8276767469943:6.34371502699115,16.6253686067648:3.36173791719691,16.5510855964385:3.39165052674716,29.9335421528667:1.97106188840333,20.1990855508484:1.90920964904399,42.1945892157964:6.87972763623845,12.3781946720555:5.04220597215987,47.3303818143904:8.92517928254201
?;35.9620774048381:5.6048803396648,36.0715617774986:5.57513239446125,38.7053972226568:4.52579889788109,28.9747534203343:8.40543317302271,31.3681496307254:7.4534215394201,11.2157944007777:4.47390607212237,43.6854887986556:2.5397857112865,22.83598681679:9.14790392357191,12.1358871576376:4.85506260742272,30.7032973272726:7.72277560706451,47.5778513471596:0.963761323795192,18.741076241713:7.48364165009298,8.19014756707475:3.28455200015518,7.64692472293973:3.05326269614538,21.0752610117197:8.42623501952958,25.6749085499905:9.72594973116588,30.4343362920918:7.82460127588011,47.7169981924817:0.919211487193762,21.8703451566398:8.74425101398591,42.321778263431:3.09201950904217
?;31.410123850219:7.44366249648587,46.0538471699692:1.57593915737158,35.2646010695025:5.8843645794798,4.21881175134331:1.68258576602307,20.5521668540314:8.23572129139398,45.9620874607936:1.62742218002403,18.86560957646:7.54441325514472,39.5673399558291:4.16308859705159,7.59414099156857:3.03744206918256,28.8877926999703:8.45118756553531,32.5181078980677:7.00491773622388,15.4281432041898:6.1878649661874,8.94988958025351:3.57197703001581,11.4387897541746:4.57560608041335,12.7479212358594:5.09587853826418,22.2403860650957:8.89693065905676,25.8466791245155:9.66625897000269,35.1828457671218:5.92066185235254,41.03405890055:3.57218551769738,20.7802760996856:8.30914260099019
?;30.3905394626781:2.14984200370827,27.4604823673144:0.969732441864541,14.4173931679688:4.2617725608207,19.9077653815039:2.05463638312713,29.7384781180881:1.89066122934948,43.9662429853342:7.58534303777764,40.0616196682677:6.00074297713937,29.787768877577:1.90811486629157,14.3474399344996:4.25763988368759,16.7228352162056:3.31195789629356,7.52373735886067:7.02051330684293,34.387017134577:3.76320203492769,30.786066967994:2.30080246837834,32.8191309119575:3.13876562303485,18.4726427542046:2.62106141307639,20.7730898633599:1.67470602516256,30.3252316894941:2.12082744849719,12.715814600233:4.91296443367554,34.8136428976431:3.92136454270593,19.5256198290735:2.17762468459435
?;0.949921680148691:9.63030271779264,39.4868871662766:5.80027697885092,34.0636915410869:3.6315485665208,1.46489180624485:9.40873119507493,27.1724740159698:0.880291691265201,29.8420754028484:1.93449365400845,8.88030236819759:6.43515823370976,21.1383817251772:1.54565380728858,30.7931025163271:2.31101892605009,41.7178423143923:6.67204397806117,12.1605248772539:5.13676864285524,30.8570777764544:2.34592145999391,33.0517939059064:3.21901503747558,47.9054987430573:9.14982635268214,33.7632388458587:3.51027546489218,41.2606679950841:6.50729846416216,11.3773994846269:5.43944319963306,41.40549559379:6.57214251472579,17.6042373059317:2.94409228681301,7.60752822970971:6.95985058445072
?;15.6258806935512:3.75217473236724,1.90921012545004:9.25116095332656,48.2997275423259:9.3213822721191,20.8980380906723:1.6573830464266,19.1085053491406:2.3527591924765,31.7525641876273:2.68841464783838,6.52915390674025:7.38253001604721,45.3516450710595:8.15238010887269,12.1781461406499:5.13490671885388,0.0796151114627719:9.98300996627116,18.9732788945548:2.40726732633514,8.29980345442891:6.67019071078198,19.1372295608744:2.33383499923906,48.3031972777098:9.32236252769729,6.37553072301671:7.44581518926506,25.2087182365358:0.0711067204009641,16.3851069635712:3.43415444694335,38.8143880176358:5.52438985292775,36.7359477328137:4.69359296012409,19.0718796337023:2.37714281517603
?;41.0796088865027:3.55639203022242,4.97264040168375:1.99202395631613,39.0558987855911:4.37627220520506,24.9372085556388:10.0233748720654,23.5343627864495:9.41435760646375,12.5434236135334:5.01705655997528,23.3488614787348:9.34334858161978,30.4546205094084:7.82587047216562,23.2759278966114:9.30009228770375,4.73022760124877:1.89579313729759,6.69599237153307:2.67403850101331,18.696499185171:7.49436656802919,31.1634232290089:7.54639708201023,46.2429422303103:1.51112260369264,31.5524701145478:7.37837532727349,47.6246983278543:0.953735940595041,36.2046500435099:5.52586403312028,26.069547329098:9.57559227497412,44.6996527840383:2.1158623436929,13.4587181382813:5.38357493163032
?;26.4872470288537:0.588362547969566,7.89559348486364:6.83200218707109,9.75496973842382:6.08629111788145,24.373755522538:0.246923855037361,33.2415221142583:3.28740899127107,6.5775646828115:7.36948190827365,34.3160220421851:3.7301911297585,28.4545082598925:1.38710743303363,0.0353948213160038:9.99275924524277,47.6586648146622:9.06856697530925,36.4259441033937:4.56622102349759,36.6817507543601:4.67095682814169,39.953286468517:5.96780666121531,12.2539663454518:5.08519150557521,45.7088397466578:8.28287042780969,46.7371760401875:8.6935096404134,40.2083957218565:6.09755430737845,39.0923642902635:5.64364552472219,38.0519211059436:5.21657078372053,10.4237001040019:5.83879329149539
?;42.5431283540092:7.03040498523695,18.0205060401931:2.79835011234845,11.932532757055:5.23505663705486,36.5401393268257:4.61384605445831,10.8439246192575:5.65892349487691,25.6814617547207:0.283886863878181,25.0768979662098:0.0292590250197103,35.8724495745264:4.34297170851804,44.418868503999:7.75727286791983,24.7479632729664:0.104853239687789,37.341511901468:4.94206377118258,5.04194049863145:7.9913531920055,19.1181068192236:2.3575084933052,47.6266122190282:9.06325425386587,2.96435616910458:8.81718176325759,6.9124931585975:7.24002607493539,6.90147514687851:7.23999598644897,12.0271788677201:5.18084776558314,38.739956903737:5.50761149287461,28.2912533613853:1.32282792091876
?;22.6917804335244:0.930628262935712,44.3158298381604:7.71076008585575,16.6479077539407:3.33994064125622,37.5759934308007:5.01838465378316,37.0841035386547:4.84115594894148,46.0039500845596:8.39300240222358,37.4930676072836:5.01879507944956,34.5644543529488:3.83242325446579,27.7534833410755:1.09855849404479,2.88767801830545:8.83010535627495,29.9460659269243:1.96924763487467,2.22877383930609:9.1036139763521,35.2436173590831:4.10430450903862,15.0298766326159:3.95789489716159,20.2019577845931:1.93602574016041,15.8399117644876:3.67469532498061,26.9143326906487:0.752919363970512,18.7147265882231:2.51939873271031,1.08591306488961:9.56628653207799,38.014629681129:5.20430197139831
?;49.8118428746238:0.059440809628326,7.6730084605515:3.07777920003897,25.058518210426:9.98329474996055,12.6455482793972:5.06012420110686,46.1035565007478:1.56813831672198,27.6024899096228:8.94759921121824,38.890654919669:4.44023994172898,45.0761383981444:1.96631521655708,4.56430587219074:1.85067694481707,23.9789281506091:9.59661098704173,26.0323681053706:9.59550956302403,35.5816138675436:5.76085201222254,37.5290824100375:5.00731571495369,41.5264946175739:3.37964299056501,12.0194003917277:4.7988635872101,37.5724988523871:4.97840878946673,30.2931605256163:7.88814565632068,0.616404635366052:0.242992114514252,30.968442291487:7.62093750419682,17.0767339644954:6.80919490815162
?;9.47963335784152:3.78092527016189,47.2412424860522:1.09591040342052,1.99354615760967:0.794600755840519,33.7964080856182:6.50105567125767,16.6901988559403:6.65927279422175,17.4783608526923:6.97751910630505,33.5046430234797:6.60499776966696,17.4032629933208:6.95168692809618,13.3327244431712:5.34288521536543,40.4819306218997:3.80850975245672,17.4640878802165:6.97746532459273,17.3051010700874:6.92688269223804,48.1817392166704:0.72455173867961,42.7425342029892:2.91718146058582,30.4470637231134:7.82239349468143,24.3905956041999:9.76281451519546,35.3580493945628:5.8664519153434,43.0840015527792:2.75968894359869,34.3570141820237:6.26848579011355,25.3535793512128:9.8539179774623
?;24.4410850224085:0.226854723639069,28.0429441365413:1.21787006971633,33.9869367657229:3.61217141434387,45.9353541838937:8.37152786176489,39.5965200499631:5.83561816195307,30.2703087218106:2.11385558760877,41.9462672783993:6.76426472541601,23.3279822859913:0.689516287855451,25.6302140885964:0.247307243800829,10.3909670375288:5.85576231695224,24.6202983194962:0.16039657139227,3.50040206685662:8.59324598105987,38.1696678698063:5.26207896587746,48.9468742860481:9.57058504330155,10.4817411862314:5.799747716083,0.455279438756406:9.81753171038373,22.5525434478186:0.964597229758594,32.6293582678773:3.04166786860344,14.2470508348197:4.28128423711879,47.2405649488792:8.90073956637539
?;46.000853611622:8.40035509338622,25.2874740283005:0.111735286118824,5.64379147253931:7.73686250442573,30.2782933460549:2.10025499675823,40.3274441719986:6.13577156307556,9.89562744507566:6.05079693396095,32.4625064735301:2.99748522448132,5.93586991308257:7.62263420478382,9.13183686789125:6.34980607323237,4.71383614931256:8.11538689250385,6.2971618375741:7.48371965094725,31.4615411334671:2.60481743718573,20.0899248826317:1.97202378011227,24.072557350155:0.373959290276619,46.3524875347503:8.53841179001282,22.9028252419084:0.854350225003181,9.74710459122434:6.10456260990406,22.7297834004276:0.898934715744436,27.9711608076468:1.19507158518535,39.4559362786822:5.77599291924318
?;40.9236216917634:6.36890211694839,47.1395967644639:8.84012398966202,3.32490429282188:8.68196728273887,23.1571065727621:0.740747290312832,6.27347460249439:7.48237296542091,18.5787019319832:2.57643567817938,17.2051688074134:3.13006333509014,5.06933724973351:7.97545298533793,38.66828950122:5.47822063829281,36.282699694857:4.49344552699249,15.0597849511541:3.99010841953532,0.795692740939558:9.68985699030037,6.89082455355674:7.22393338622045,25.9515990037471:0.364701621388042,49.9008192215115:9.95512497282166,20.1451722532511:1.94063329787242,47.1488963579759:8.85439627023747,3.95097815198824:8.41304644823235,28.0826583621092:1.24821008167081,47.896228521131:9.15251526540156
?;4.12588549079373:8.3435372661495,31.9020985392854:2.77184065734463,42.2096381196752:6.8847392483379,48.7484126235358:9.50068740958949,36.9921206380241:4.79285012805024,1.49884965503588:9.41269451898936,8.56986745493487:6.57090392586704,35.2348852786236:4.07575375639238,10.4754721978679:5.81101607158225,28.3918964327313:1.36613912213987,20.247457921505:1.90781778008331,40.7768174889497:6.31522061012168,2.19442542875186:9.13222554842033,34.1092369752005:3.65145134242691,37.2003935393877:4.89386532104705,46.1873896070756:8.47189500402599,29.4132599839941:1.75009315816919,16.4054000983015:3.43722494228039,8.89054811559618:6.46040619332511,41.7320535168983:6.68869646886804
?;46.9918343704194:8.79774625267171,6.5427199122496:7.38517069392565,34.5065201632679:3.79249692168281,37.126492743846:4.83583200646745,13.7597033753991:4.50365451455619,28.4060860867612:1.37916628910369,44.9564455309883:7.98542346893377,5.01783170038834:7.98679462085693,24.433548329398:0.218362163827793,28.3362217131071:1.34162143519428,34.6895414288156:3.87426626113125,44.7223183582537:7.88516670583916,12.693813466467:4.94069078457283,5.96795688616112:7.60937483324541,36.3743505906314:4.5446929510939,17.7090946002863:2.90667714200145,48.6945567885414:9.48246374166522,34.4283056561835:3.78390981042652,18.3807817054912:2.64247280818582,9.21291173435748:6.30444695850536
?;26.9749387749471:9.2131745141487,30.9773729532026:7.62137442881492,0.0675095245242119:0.0333419943864361,24.058238544967:9.64502312133245,43.3082309435122:2.67253446227389,13.1502007949166:5.25078273794371,20.9528362844139:8.36897312380389,15.1532113086432:6.06164691861482,16.9632025645114:6.80271419562259,49.6407251339406:0.13895088376002,43.2852817117237:2.67596330271179,2.74242234881967:1.10671061175941,48.0163571657613:0.784340524041807,40.2512328699231:3.8911313191156,44.6480703540146:2.13630424787345,32.0338259218261:7.20836226376654,48.9010962075554:0.435182362669493,3.59623814001679:1.44203104878074,2.46357570867985:0.991581429428505,1.30179703701288:0.521477576191505
?;39.6419218857773:5.8617049433309,36.8517524329945:4.72266541114373,0.56510881986469:9.76317175311983,28.0026683933102:1.19066771093371,49.5765756350011:9.83354238786084,15.998655592557:3.58520266842232,31.2520683277398:2.49193916433308,49.5819367351942:9.83666911511232,45.3733358765021:8.15545330572244,41.6604175814427:6.66179684782439,5.50717961741611:7.79139149055768,1.9232384627685:9.23799982292325,25.8222799515352:0.338831897499313,17.9603995406069:2.83117637808521,22.7215983439237:0.907158706222464,7.88934425218031:6.84937553390099,35.7699978165329:4.31494953878644,11.1242685117759:5.54707530118186,9.93323972215876:6.0363685232442,30.0674889236689:2.03041014637609
?;49.1192567511462:9.64043865292371,49.5650314842351:9.83601550093147,40.841674816329:6.35406250391525,40.0416880613193:6.0065714548001,45.9909686353058:8.40811780654279,40.2205817401409:6.07151208228605,43.7130434322171:7.48580912844068,39.2603979213163:5.71387079332878,36.7880311328918:4.71738410605676,22.2113771131262:1.11057835467315,26.9450980005786:0.767766342759658,33.5777273052372:3.44059607524478,12.8181557171047:4.88478672025806,16.8672435567714:3.25864035826106,43.1169530376792:7.25927945589099,9.10567053360865:6.36672558839512,1.15344529040158:9.54461186592898,10.1432610535994:5.95760844575515,40.2557467808947:6.12238765573816,14.4399754237384:4.20402320443594
?;18.4318403480574:2.62480082591224,3.26248477213085:8.68177980447049,6.20954647893086:7.51281159971459,45.8178547676653:8.3218332154358,17.0328826410696:3.17380014072829,23.1552682584152:0.746600130994391,27.6293295202777:1.05695838941488,20.0292590889148:1.97206498777609,31.73755237367:2.70696858087798,4.89237161818892:8.0374944632062,35.8944245264865:4.34861752837917,48.1767876539379:9.28406277901889,16.8019791715778:3.28920208381159,20.963602559641:1.61031051327985,43.3865560218692:7.34078704878999,16.4144104230218:3.43199657788377,3.4764489508234:8.61975769050249,44.1126923658885:7.64879539974214,41.1472751642577:6.45339471933054,17.7767129032873:2.88921090317292
?;42.6070626475848:2.96533234480409,15.1433772756718:6.04902717098994,37.557872873731:4.96999299014486,9.49874704238027:3.80639072666755,23.0851281550713:9.22390973201664,18.5810720198788:7.44400119149354,49.02451580856:0.386178895689979,33.8647578260861:6.43984685549836,25.2804532996379:9.89230266044231,38.5050231474452:4.62670757306006,32.7931037987582:6.88009469315142,4.93941698223352:1.96462730934325,41.2103904527612:3.51362912408018,28.3562636817805:8.63441898575275,18.5297895222902:7.4075011078894,13.3124292246066:5.32901926859218,2.63370451284572:1.04836448090169,29.5771224657074:8.17233539073796,17.1793442568742:6.87296808919083,18.2731461129151:7.3162779869417
?;29.7825004323386:8.07044378264833,0.567616743501276:0.219828368055571,28.478217124939:8.61099647451519,25.2057664911263:9.92097726026508,4.90115629509091:1.96318492296795,14.9747368181124:5.97879373771832,41.4874889305793:3.4015095637842,22.3992402898148:8.95824964576001,33.5256748483516:6.58546646096233,13.1287430878729:5.25200504834111,36.4406917360611:5.42976223339586,46.8028955976479:1.28349609637009,23.9424742991105:9.58392298732127,0.12336834333837:0.0486775642744519,11.1164405825548:4.45768575457099,0.432985671795905:0.168303568102944,5.35603475291282:2.12268249920899,6.26275689573959:2.49396149915599,20.5527159501798:8.22409144259144,6.21335097821429:2.48658823834422
?;4.2087828158401:8.30664793739902,8.138241188135:6.74259168424366,18.5336982947774:2.58485861668201,27.2537990589626:0.89926232886633,30.0617447239347:2.04034056258668,44.0579949878156:7.6247337575163,47.9865693137981:9.20221481339633,24.7901336755604:0.0714426387257931,6.16697252262384:7.53340159863824,47.5834166398272:9.04353515362446,5.67173745948821:7.7267157879618,15.4838125337847:3.8128863139113,10.7827981119044:5.67870379413124,3.47227145684883:8.60211094945164,42.0811980729923:6.84058771827145,10.514357779175:5.77598218627876,12.9037462640554:4.84352171099724,33.1898382981308:3.25343764624461,28.6290502874181:1.45257531691534,31.3558668363839:2.52853875144174
?;27.4591420195065:0.979529263404499,29.3890264234506:1.75804920398451,23.7989564076997:0.473595704585106,10.8076758566312:5.65428828658331,41.7887926800177:6.70778442375199,15.9329854417592:3.6176573905792,5.85516964783892:7.66680130530376,25.7794378674589:0.317679539451584,5.45496492413804:7.82328143747513,9.3618901912123:6.24848732445494,44.6371462894604:7.85575108713671,14.1870149760507:4.3138996995505,12.5818822649308:4.95810286262505,42.1920024091378:6.88233325798147,43.6380890198052:7.45639037557504,38.1976414355449:5.29204884107853,36.8340363260359:4.74448701655574,25.980558921583:0.385914117809891,7.19269524561241:7.13092858087717,32.3718552128412:2.96213988239199
?;28.1537751900032:8.72048529318583,12.5863661407493:5.03244619345325,0.247077690437436:0.0929703926521373,32.3152753291652:7.06846132374479,14.5362163078971:5.80519700827595,32.3057881556451:7.07837007468284,48.020747944247:0.780772686035872,41.1798148532398:3.52508605844946,19.8662262642756:7.95396873218008,41.3256217958406:3.47888241939098,5.27273594634607:2.12573570815687,34.9287689547054:6.04843219452993,42.18988470966:3.12556426350247,2.05692208837718:0.827814925460394,30.7809510850348:7.69173109788198,46.2826363858767:1.47983681911721,40.9031778108329:3.65002175869227,23.6164702684619:9.44379186693575,47.7925292216241:0.882289585168737,15.1241804007441:6.04888142877079
?;1.80613367119804:0.735540839980128,11.562205827795:4.62085888722954,16.9434136711061:6.77268401233325,38.477682787925:4.60719566824812,35.9789772424847:5.61849009807796,23.8856417941861:9.55164460706083,13.6491429060698:5.45557789274789,9.57414342556149:3.82446229780726,16.1232698708773:6.46453951124803,18.1163314846344:7.25328871815034,1.16854965453967:0.453762203785544,18.3534004259855:7.32955411372184,3.06305856211111:1.24250742329068,30.7041439693421:7.72708680504165,12.5660200137645:5.02461078277483,12.1202223119326:4.84228140736066,29.2152402107604:8.30883791768844,2.52734408713877:1.0069004452881,43.3815570781007:2.64630160593293,15.2428502566181:6.09637793260653
?;3.98950589587912:8.38156969606388,17.8463530726731:2.87428696693622,27.7635368169285:1.08333474984573,10.7631240854971:5.7009696737964,29.0108982240781:1.58438272636347,34.2993691330776:3.69294118328247,10.5399657622911:5.77584860452639,29.9369042739272:1.96549446760771,1.03978643892333:9.59170411102835,0.178893411066383:9.93614583322502,7.50544555485249:6.9974721974712,5.62492966419086:7.74354613483213,12.7338116173632:4.9025533427524,11.6813073982485:5.33411018461597,31.2724868534133:2.51522897961948,21.0704732686281:1.55061916460902,44.8533889139071:7.94969519726821,47.2933042910881:8.92782939098779,18.8287938362919:2.47286652640315,34.8968121455982:3.95486058475965
?;27.3031424614601:9.07781398754243,20.3210269566625:8.13068375853382,23.809709737543:9.52738791633919,14.3244010163471:5.73323449821938,7.76712620863691:3.12296361750122,37.8630458144471:4.8569929846888,32.4888205039315:6.99751982979166,6.91474515479058:2.76693543934658,17.9214305710047:7.17660216305526,30.339492065832:7.8697245314457,35.1847687968984:5.94445957488776,27.608098462224:8.95627280162399,42.7167356945574:2.92095712808802,38.18628503941:4.69946806146283,20.0353503692895:8.01809672896484,36.07875732705:5.5518374862627,1.11848743399605:0.455132755556414,34.6175221377052:6.14154167313543,30.8771417126991:7.64060128096719,23.1602393556386:9.26457179897424
?;30.4139678017236:2.16187540803818,9.11521980306134:6.3575094272125,3.28765236772597:8.67445675877849,21.9573787762783:1.21489477233034,9.03402687981725:6.39507502423906,27.3994153249077:0.967671405487602,42.2648153849877:6.92049213149511,5.79804194858298:7.67826913441117,16.0520182806067:3.58137793720501,1.2505013262853:9.50277825757016,2.09848667727783:9.15666607730071,0.736962631344795:9.70052430203103,45.3798604663461:8.17313387081878,37.9563025664538:5.16964885880608,49.9244810314849:9.96208274599147,35.1363251684234:4.05846295373939,21.8619224149734:1.25730531767925,1.07899304712191:9.5633628488636,48.9294946775772:9.56618480213302,2.09334385581315:9.16982123055304
?;38.2845068816096:5.30208319717197,44.4039630820043:7.76116338132888,16.8842109269463:3.24023556686458,29.1284571751021:1.64941165560572,10.4313044459559:5.82447581533561,19.4575959350914:2.21991961436651,39.5813227049075:5.83231180360697,27.3920312756673:0.974506659869205,38.1759953685105:5.28265054997032,3.97610113723204:8.39920758675228,13.7693690136075:4.48785747303182,23.1657345895655:0.738318434003152,40.7258823746815:6.29760659407766,42.8158712224104:7.14136110567383,34.5395099720918:3.80036488322042,35.9072570572607:4.36656907163314,41.0667311982252:6.40760275782904,2.01949460897595:9.21275105743846,28.6043836269528:1.42671314059844,37.6736803445965:5.06734787780682
?;26.6413925215602:0.646999121536441,49.4927427382208:9.79804625098271,13.3682295796461:4.64363676250208,48.7831534235738:9.50819516643678,14.0265012159944:4.38983192365126,16.5282823028974:3.38010862868769,0.838460167869925:9.66789385928539,49.6980160009116:9.89160561320894,19.6502595907077:2.14082340359531,36.5884952712804:4.63571879062554,42.202919407282:6.90184702966319,44.172558770515:7.6603139758779,11.512366484385:5.39197040502779,46.5251120738685:8.60383891463074,2.81753573799506:8.87662935346082,45.8268617512658:8.3364550585473,35.1148468558677:4.05883398363769,46.3103476446122:8.52845382815927,13.266534358263:4.68834629420903,37.8308868734166:5.13285466106156
?;11.0935210133903:5.5731327734195,22.7688811486587:0.883434588272035,24.0867681801319:0.372291143763809,13.2922557415441:4.6790670922646,32.207305135671:2.88209872926704,24.2177631123923:0.314534139508455,15.6754436437041:3.72033677152034,48.3498365036212:9.33800927416148,29.6530165243894:1.85925131030296,42.0084612094797:6.79764602705209,4.63238471420482:8.13461128870531,35.405905242078:4.17555415491988,6.23141612159088:7.51983747382454,13.6146808159538:4.55188394516083,32.8415762051009:3.1282446157163,24.0068816579878:0.396658623862922,7.05489027313888:7.17204715942644,36.4120017620735:4.55530632414852,47.3036653129384:8.91368929190269,47.8928192984313:9.15066510595035
?;25.8588763768785:0.3509791478776,4.57546067191288:8.1909608101105,23.1841264641844:0.716909362364734,32.7508364338428:3.10030011912127,48.4470442635939:9.37123255638278,12.0555780245923:5.17028307560384,24.5005458011292:0.192145011500416,4.29403886664659:8.28963446328192,29.0454288828187:1.60079769347959,37.3464099830016:4.93118957055102,20.185348240193:1.92126344565929,14.6694213734008:4.12996253306783,13.0198875325732:4.79493755900794,0.412298913579434:9.84320954891862,10.4808147065341:5.79579269808399,4.796511400491:8.08060938736149,36.2814478925429:4.50776278171794,1.47993144346401:9.40808272321092,31.7802929203026:2.71966879436248,48.8154627732001:9.52144202104175
?;30.3866014583036:7.83311356482857,29.5659738476388:8.18163065949129,38.6184283997864:4.55958065241456,5.31965509289876:2.12833504723746,33.2290868973359:6.69404090958196,10.1254483801313:4.06141042771308,9.08468064153567:3.62653352646976,20.7786384387873:8.32568296839249,4.822004691232:1.92159322710559,40.9778888220899:3.60141889559683,3.99248307803646:1.60383904984698,5.10765146464109:2.04038800938233,24.9878810485825:9.98419320192654,5.2720973151736:2.10310269517493,20.4018603079021:8.14829429900073,2.22905818372965:0.88849802504958,15.3586047003046:6.14186720450061,18.2797108776867:7.30886592316352,20.0338785420172:7.99950733546841,45.8303088322282:1.66136690380076
?;19.4854577421211:2.20228569083138,41.8765546521172:6.76865513831467,22.1256447839551:1.14171650687916,16.9622133951634:3.21242917857588,34.2224664404057:3.70562181798283,37.8879200201482:5.15341530595653,26.916717889253:0.780568899708214,48.4211328905076:9.37095609801586,31.3239239272662:2.52860304611987,35.198270494584:4.10865631208954,12.8285512444563:4.87067546220308,18.0024198023602:2.8184064746025,29.0142439887859:1.61695574760731,34.2819374287501:3.69450184273447,47.8916694177315:9.17398194966731,8.23651709361002:6.72066757816517,36.9209158583544:4.76207969855793,41.0127539304085:6.4084672295381,39.6491992170922:5.8628099681278,34.9924071342684:4.01237174243725
?;19.2608637735248:2.29997053496936,49.0724554751068:9.62176312690686,27.2645971737802:0.890951965751637,39.8995568975806:5.96023949329726,34.6393777639605:3.86949762404999,38.7227283325046:5.49250643526079,2.14016860118136:9.15499001401067,14.0398708870634:4.37313226794464,17.8071111440659:2.8693391049381,47.7464509778656:9.0984832626659,14.1901042195968:4.33124319629543,2.15349000645801:9.13726514214319,36.0123185091652:4.40224985962367,12.3765932163224:5.05019239993688,23.8081282237545:0.471009903946707,31.9180489284918:2.7701180579838,7.79733799863607:6.86748025991276,30.0374574493617:2.00510229651949,11.9417844805866:5.23161833908772,25.3369657788426:0.130856772383456
?;35.574471752625:4.21554764312177,20.7279144669883:1.70996647171324,24.4962653378025:0.207000494031235,13.0437348620035:4.79042594897818,28.5578414681368:1.42046226016059,44.6970222750679:7.88249210357528,2.45718472870067:9.03992196979548,33.2351017394103:3.27450183320985,2.94691402232274:8.8226669841491,16.853361541871:3.25261185816308,10.2900245576166:5.88373284657509,23.2632791507058:0.685232447110905,24.5832140906714:0.164821632208074,34.8999192006886:3.97397681744735,42.1759538468905:6.87276457883598,4.14963592775166:8.34307519956544,4.52943089185283:8.1828317920739,17.4076534458436:3.0343343784412,15.6192384078167:3.73301696149762,1.10749955056235:9.55559396296563
?;33.0370467738248:6.78867790175621,43.0309662595391:2.78560401626216,38.0961401388049:4.7599889621845,28.2062202808447:8.71304217300199,34.0395278180949:6.40179592152576,17.67408256419:7.07000283472051,34.6779432380572:6.12843120440002,13.3923719869927:5.35738713678452,19.646177359391:7.85820519556823,6.81105513358489:2.72434790250717,13.8814133708365:5.5674785189663,28.6613485892303:8.55028528638678,0.208880903664976:0.0824607692307725,15.1087577803992:6.05553309222535,9.12915860535577:3.65976473270446,5.69254528963938:2.27590363695576,46.6892232070677:1.34599534537849,37.6365603646263:4.94809314966199,4.65579048031941:1.86695525145515,1.45171970361844:0.570940937390188
?;19.0950572257861:7.63752087388485,18.4865702991374:7.38059326845469,27.1086476510391:9.158816910052,41.0617181914859:3.57062924375584,14.3138921936043:5.73922704532408,19.6081396308728:7.84965048964876,21.3445709785447:8.53232148381754,0.659680424723774:0.275814557522673,41.2159481202252:3.50326551288688,17.755156417843:7.10325752147942,48.0134833138436:0.809554744353807,48.8367069629021:0.475032477963658,6.74769543111324:2.70125963120903,42.4902520258911:2.99338741747873,7.24115617340431:2.88605192353646,11.533504142426:4.59688398749832,14.338008093182:5.73673351056019,47.8113133693114:0.873729760448802,0.296824879478663:0.12020133251963,12.2189915389754:4.87504868890839
?;32.0351666072384:2.81743968751705,47.2716742195189:8.8976595489043,20.53968294058:1.77320102937426,49.8054639901966:9.93410357238138,48.5048189526424:9.39880675687411,18.5495444806293:2.57211412930694,19.173822097946:2.32699655271539,10.2679277188145:5.89379027289248,11.4490528590977:5.42084076393879,17.616896412801:2.95325423678469,22.234622342512:1.09332559268711,26.6269784537144:0.654586256417524,12.3140513896942:5.07970617859228,31.3963877852075:2.5484141706813,0.0854623969644308:9.96990147077666,47.7997028501704:9.11366508684029,1.49669133825228:9.41512952879495,29.0654700133018:1.636269011847,29.2714601033367:1.68945656066292,47.3307401989587:8.92723760297425
?;31.4126564422622:2.58225361721979,8.02658931352198:6.78276718882125,24.1112110787071:0.351782078249505,42.6157248788513:7.0518134236896,11.110790388193:5.55628116592351,41.4983993861824:6.60967624150117,23.8971942802891:0.424483916133991,7.95427286066115:6.79728795475963,21.4669884648174:1.41178642158405,15.0893209851347:3.99130481979436,5.80013189464808:7.69792413764325,33.7338502518833:3.5035818692582,27.8767755022272:1.14418699404245,5.67953560966998:7.71706190920492,49.0400108508766:9.62272348215997,1.30418058251962:9.47200908451234,45.6738540786318:8.27225552881051,2.96845230041072:8.79898757959471,38.3605696144514:5.33357264647514,18.7694051302969:2.50774396740442
?;36.0483170719817:4.41804003357103,9.25140001345426:6.30966468793018,5.70586734684184:7.73212970296261,34.8255363642238:3.93680725055846,15.8171700662933:3.68327423575661,23.5796750290319:0.579466057319387,20.9969334653579:1.61508215036639,44.6011001942679:7.84102297885771,35.7099325745367:4.28501278396838,22.0599449239671:1.16675278932693,44.6982817375101:7.8808177286772,33.3285271422938:3.32641346482236,37.2755058924668:4.91262932914924,42.4253807286732:6.96292235488315,25.8366619469598:0.320017186491724,31.2903017969802:2.49850755069994,11.1122766509652:5.55645746603594,4.0447537554428:8.39033578315817,4.58845958346501:8.16400218912318,33.6126012844034:3.43903807893051
?;3.99531804723665:1.58614165763885,11.8574558058754:4.73690889483454,31.3179156044498:7.47669188776034,26.4857464935631:9.41517688850666,29.3928408063948:8.23323529174173,28.0234813457355:8.7837893005355,35.9406621544622:5.61001337955096,13.4427816257812:5.3783141602912,44.9528141180053:2.02768371958249,10.0848854519427:4.02007959039384,13.8817943632603:5.54795637273397,17.2868476016447:6.91718834723454,45.2010868000798:1.906114188299,21.0604073246941:8.41726831312363,1.93735017674044:0.787096822392414,7.93339880183339:3.17544321183057,15.8857391797937:6.36788518147435,45.5218281596899:1.79448151612925,40.9419191186316:3.61673862468754,29.6105216257274:8.14826157720055
?;12.8218866302632:4.8779809626166,11.0253145452589:5.60473907973498,20.1976517564617:1.93010449838074,9.23239897238091:6.3199498272002,30.0966489012353:2.03376561650004,7.89159762207419:6.84661554847279,24.2807893198915:0.287695568561391,31.1208233935758:2.4441404384361,30.8071022620425:2.31831836496419,33.6905714822933:3.47577993912491,16.077764169313:3.57524967597948,46.8499344075099:8.72289488604312,49.8753277701326:9.9414416196667,14.988583442755:4.00523995616182,42.9015199653804:7.17152156370534,41.5381792117842:6.62480585498373,8.6650415090844:6.53490930289488,6.17588598979637:7.53466337675646,45.5362263368443:8.2061135359088,18.7768463161774:2.50322893937475
?;39.0449008555152:5.6163080743221,10.9469577437267:5.6218000741856,41.4867985062301:6.59384373361623,5.57900450658053:7.77000158207374,15.2128543471918:3.91892444207509,43.0266659357585:7.19923104112336,43.7979536713101:7.51418630444097,7.20661152154207:7.12934294482561,33.0538124777377:3.21190794456666,18.9229337032884:2.42840340591072,33.0212131608278:3.19737468056102,12.6111901714467:4.94393734012045,3.8639206555672:8.44510551762007,18.3502414613031:2.65878099879068,31.4286649809219:2.56409264513577,28.9815299795009:1.59936614448827,5.91467663180083:7.62560877732357,32.5280103483237:3.01587350337078,44.4855571491644:7.77368784560545,27.4669571546838:0.986440951176742
?;43.5057177324779:7.40063283838095,27.4599804310128:0.978178385293116,10.3301799623296:5.86695307404883,0.314996542874724:9.87640278840351,22.0720175770111:1.18150821180905,0.131881679408252:9.94272949281615,24.1087580332533:0.362029310135815,24.6405306854285:-0.136657160275466,48.7023542867973:9.47628701086824,29.9055555136874:1.96440985671161,9.5284779323265:6.1800216395732,20.0053932378069:1.98909116173399,48.665620747488:9.48866201024249,25.0489008729346:-0.0119637861300601,18.1387795135379:2.74219990154545,34.8039718461223:3.91813620307864,16.143241210375:3.55506524648817,6.43552294932306:7.42761512983139,24.4583975989372:0.239785037025444,47.0964448875748:8.8331054939532
?;2.94017911655828:8.84390607332523,15.9865170251578:3.60814276733305,3.69317013537511:8.51838942258639,5.42476642876863:7.84892652390544,26.1512427940033:0.468024079485518,41.9279209105298:6.76726958464977,5.09742106078193:7.94448774242159,27.5161244906485:1.00840841292009,46.2889241287485:8.51508302555702,27.8320132638328:1.1300973065199,2.79873562976718:8.87365206979372,38.3444358594716:5.33261693799778,6.56209770822898:7.39056510282152,17.2616858617403:3.08160899770827,2.80498483916745:8.87890243158138,18.936727673281:2.41797790993214,36.1783028114587:4.4817107093944,36.7730975733139:4.7160394135153,3.18228834075853:8.72877552485762,33.5543326684274:3.41516782103576
?;9.96435320703313:5.99572085861771,1.85922711389139:9.25095366917568,46.1816824274138:8.45804408272646,27.152977255173:0.862100795962439,39.9365450604819:5.96686084645585,5.05346759455279:7.97262479919744,18.9490693737753:2.42658503779632,27.3819117574021:0.94250766463443,11.9797934778035:5.19586134820194,26.0073388111778:0.403233256762073,38.6544127832167:5.45951278527039,39.7720667766407:5.90920119699909,1.72488417010754:9.30803069303555,28.9626250276342:1.58244227791058,16.6677050525323:3.34322999045577,5.07370523409918:7.96782197738309,32.9198627732694:3.17323250267771,29.5369309023954:1.80341808984921,7.33004114590585:7.08908243772704,34.5335690421052:3.8007853820263
?;8.14928878098726:6.72849388109783,3.62196315545589:8.5627001681189,13.0209564580582:4.80258548520062,0.130571040790528:9.94147105466667,41.6313481982797:6.62465607331942,26.5594356460497:0.624196057052068,15.6794245820493:3.7344947798216,19.3779366789386:2.23744455359636,13.2573168957606:4.70825442914436,10.5013032094575:5.79367859731428,36.746883415617:4.70183650730093,31.329976010602:2.53446252775558,0.0917546916753054:9.96274585265911,25.1395766390488:0.0608584092178372,44.6012963890098:7.83761277538479,12.2840076452121:5.08003239021312,36.658349132631:4.66242028804428,36.6268191137351:4.66708990636401,1.54456793097779:9.38642906229733,6.75695190439001:7.28184979287405
?;24.6358826174401:-0.13846849135438,13.2980863563716:4.66975395008095,40.5303194769658:6.20229197112775,0.660641794092953:9.73000450114137,26.1966600664891:0.499532973176861,35.8665658044629:4.3339664050124,13.2124190335162:4.7213755208441,46.5649904566817:8.64229037536231,5.821488564834:7.6810370021811,5.19727253122255:7.92002864360187,33.5264177061617:3.41113358620122,15.4963720939122:3.80103857884437,8.1313882372342:6.74783376424328,23.8997357198969:0.443184782426755,42.2193700796925:6.8828110646551,31.975586572662:2.78717583315723,39.8501935647801:5.94666749000115,21.6142693767324:1.34143133539095,35.8375461306423:4.3425909072797,11.9780299603008:5.2182921386232
?;12.05877691973:5.17795819787044,44.0590703394264:7.62494955661052,12.1169836493209:5.14550755489125,8.67684372933581:6.5302237999634,40.260860347189:6.11529057737567,28.3738417783752:1.35784365055927,24.6372771798633:0.128346276497836,38.6888272478245:5.47337126393687,28.8285643095151:1.52124382802668,7.7795418095775:6.88498254230291,24.6134452405386:0.156424404717929,7.561199599877:6.98146068652224,35.9647802542895:4.39061729317188,48.1608178699389:9.2704360906515,33.1291610258631:3.24509304425758,9.00666989618912:6.39074404561521,10.9574976144359:5.61270633236191,48.3879183186218:9.35753354024229,41.7517706984654:6.7032987441344,9.09116092370823:6.37248081979695
?;16.5870841126889:3.38374369422562,40.4396544792689:6.17831247173238,7.8737374744378:6.86576558437586,0.570242863614112:9.80436583586767,42.860132525675:7.15637682025569,27.220800309442:0.885366527901448,32.8741379780695:3.1487826660886,15.2211151318625:3.91659123804971,45.9789908723906:8.39092371668762,8.42495259130374:6.62072023744906,4.66355845564976:8.13840524631237,23.9317201660015:0.425602704687781,37.4371294281445:4.95776647295977,46.999414358288:8.79524038730233,1.81936544831842:9.2626557642251,12.659621774219:4.93718435530834,25.1007393118925:-0.0516440851711587,19.4892975618131:2.20366567707069,38.0721253110096:5.23755241770061,44.5981434662826:7.82969454161066
?;25.6914033205248:0.277233087305697,40.5279880273156:6.19652206438745,7.9319070908241:6.81886482201703,45.2111682854593:8.10539319247107,48.3472357620485:9.33591989468106,39.1334912041202:5.64753034496466,42.1042115311138:6.83386150328189,23.8133024889976:0.479605963724188,32.637036847882:3.0513479879637,20.0006225146353:2.00123133623838,41.5154917631298:6.61200405266646,41.0463758627884:6.42306861457219,0.285610649734735:9.86901969826531,2.88795280503109:8.84718188746097,2.43463813094422:9.02082267749866,23.8701827125624:0.460341893520951,38.866407435853:5.54355575159112,3.94438691437244:8.42537391795507,28.9744842797518:1.59577789083219,8.76984974602237:6.50201186784883
?;15.5349445994943:3.77555399538337,20.6339719588868:1.75333748543541,21.0202612681314:1.58613802590261,11.3075122004375:5.48379393797587,47.569046379067:9.01870296957049,31.6890587797388:2.6715858998222,36.8517008959316:4.735922864876,6.57029072754085:7.35365136498251,30.6304974947125:2.25265125217473,47.4199833697639:8.97649304422321,18.3213532785885:2.63938348222368,25.5622368073091:0.231068492334906,15.5120262061246:3.77362232416219,5.91709030559286:7.64538678408153,15.9165709861554:3.6321840124467,7.5725089176558:6.97644202785327,8.53369437390938:6.57695315207975,45.8182560978457:8.3029345928945,5.8483251137659:7.67766821252156,1.69060070766136:9.33543749640473
?;12.7730672131293:5.11949582848737,6.13142750225961:2.44501116248768,21.4054689626209:8.56936435603876,39.0694499481469:4.38210258922605,43.6192572233267:2.55094103932248,7.35897800186649:2.95430014930581,30.3803747636266:7.84576961630355,32.0012168260291:7.18934722270382,32.6309058815241:6.96318422545763,44.9005553266034:2.04510327346332,27.3906945134513:9.05936441626097,31.7381118191406:7.29890821567997,27.8584442683496:8.84563162413512,46.2408379535191:1.49457422729552,49.9241698882543:0.0339297988057946,19.5700144162402:7.84860114807208,22.8781014680862:9.15387385187875,48.5751167871058:0.569732238519841,1.31627062801272:0.515297240799867,6.05021209921688:2.43659117720928
?;5.05529650254175:7.98007789800506,38.8360650744289:5.52192608062208,5.62548199668527:7.74840114318113,10.2326257154346:5.92209865954396,4.08020314062014:8.37649469202871,38.0492240888998:5.2316325417698,29.6093821991235:1.86019840688295,1.35624827817082:9.45115806133918,38.8185968389735:5.53229325223116,31.6711173043586:2.67191443804911,39.3525962019339:5.72439899520822,32.5141754583456:3.01125628874313,1.27416943432763:9.47319379955925,3.52352596819401:8.60835458457663,28.096601262223:1.24523781639496,41.0413224017248:6.43181775144175,43.4030367177911:7.36827537617545,13.4960614959709:4.60912030026993,44.5124986581504:7.80146890890666,43.7484337133355:7.48201167973
?;3.15623545320705:1.2572933858511,15.6858397065662:6.26624722361694,26.907479413785:9.24836555264052,1.37178439181298:0.548183570361477,25.1395154045895:10.0555890082119,17.8057733224705:7.12415634480223,37.6133741345257:4.94398418421887,3.30208364175633:1.32252816708066,43.0851660552435:2.77324546939449,45.3115056850947:1.86481631635723,34.688604879193:6.13367404787945,6.61857875529677:2.66618746571995,36.5552042261697:5.34709383032749,12.4489923007786:4.97561163582432,40.8359302440658:3.65531708850314,10.782266932074:4.32465587316561,42.238907085266:3.1030396962599,22.7887612069026:9.08958898131482,10.0642309407704:4.01100159310827,4.31291465647519:1.71781166820524
?;49.8688488034531:9.96251021280447,30.1788003300317:2.07212541737025,12.5264446134679:4.99144615675145,20.0045049889013:1.98635755112639,41.4821619284339:6.60800408197396,3.21715726749972:8.72616597451655,47.3736838437617:8.94660117568671,19.5140636293218:2.19963535373747,36.7711344966665:4.7185670296784,32.0033915457316:2.80819737974398,20.1204635784961:1.95663123580648,34.9650023505092:3.98416329844467,18.5267186840065:2.58150278400764,8.61716419458389:6.55991346840369,32.0643700310029:2.81955635032123,2.81399243976921:8.88696605849801,14.997124671936:3.99019143960848,40.1012205402367:6.04470277475013,25.487644970417:0.192995226068108,32.6177737326361:3.05058768802825
?;23.3518669730984:9.31323257997943,21.7502615880221:8.69378226152642,7.38406513119116:2.95978855495421,33.3946097176522:6.62193079465633,1.41137568280101:0.559520475361679,44.3262941902503:2.26327007114244,7.3166424757801:2.91779320854105,4.29299207171425:1.72380710249785,44.6167701738887:2.15053427456232,8.43726593302563:3.36060349329382,11.819499975536:4.73257649411161,26.7703688819893:9.29251406520631,41.6598065989092:3.32962984987289,44.450901588425:2.20692640744806,2.90822626557201:1.16742659577481,0.352831417694688:0.144037557991372,30.7137818657793:7.70062316791788,2.97574352007359:1.20935238800853,3.94536082167178:1.58751770231112,28.5809261258692:8.54941410863045
?;48.8612828659825:9.55052523840038,21.8413670663722:1.27717135067156,2.19705876661465:9.11720361736501,0.583808706142008:9.77161519387472,43.7794919940643:7.50450314876579,33.2401276100427:3.30087092591764,17.4811375210993:3.0097090315896,40.3321548015811:6.11966863830983,31.2664461438544:2.48193996730186,28.996912681032:1.61915106618129,6.20249308412895:7.52365294017076,0.710279517807066:9.71819852032379,15.486876515206:3.802898899972,35.8585116220638:4.32948828256358,35.1162309059873:4.04773952544625,44.6664240444079:7.8870732314407,21.5930428472348:1.36650691964431,7.71694707218558:6.89969985473707,13.4294318617322:4.63141005859444,26.2160458369181:0.473728917056005
?;30.9791068430059:2.37862028814829,48.3834112295881:9.37235029727593,38.4327852865681:5.37732121910125,31.9881535600871:2.81599416567048,30.1017285208218:2.03529567303736,0.487147714011371:9.81920344389443,8.14523375593126:6.74112494624825,42.1263685566373:6.84918807429649,31.37570010731:2.54034392377227,20.8036213298328:1.68126289777848,13.5924296686426:4.55758012748016,21.8079725163989:1.26751998426067,22.0586964278482:1.1713784019494,44.6340479655191:7.85187720756905,15.8507231855765:3.65797511053478,11.9047658401541:5.23621992052323,34.7023925743997:3.87346336548973,0.0871837371960282:9.95904945368452,35.7653081649914:4.28764738844985,44.3984082201496:7.76048210526909
?;45.3684282954782:1.86991414777546,40.5034736380912:3.79454778702963,32.2470106068067:7.09834195023557,16.1203904775903:6.46876853663235,28.7522985949181:8.50015048768226,19.765034574084:7.91394607274921,36.9512141915038:5.22187254866466,46.4324469328858:1.42407183273089,41.2001856137067:3.51573460835139,25.7695565698668:9.71525305438604,14.7384579759091:5.90045407996049,24.7631308971904:9.90021158305931,36.1858127289452:5.50769912609532,8.61790830967948:3.43547701963866,16.512544977013:6.61708288158896,21.4982491219416:8.61028971854812,23.3264215406962:9.34166532810575,17.2575370408595:6.91243015567611,43.250883941073:2.71171175496403,27.0059121074155:9.19230969117168
